"id"	"sire"	"dam"	"sdp"	"group"	"index_case"	"Tinf"	"Tsym"	"Trec"
1			"sire"					
2			"sire"					
3			"sire"					
4			"sire"					
5			"sire"					
6			"sire"					
7			"sire"					
8			"sire"					
9			"sire"					
10			"sire"					
11			"sire"					
12			"sire"					
13			"sire"					
14			"sire"					
15			"sire"					
16			"sire"					
17			"sire"					
18			"sire"					
19			"sire"					
20			"sire"					
21			"sire"					
22			"sire"					
23			"sire"					
24			"sire"					
25			"sire"					
26			"sire"					
27			"sire"					
28			"sire"					
29			"sire"					
30			"dam"					
31			"dam"					
32			"dam"					
33			"dam"					
34			"dam"					
35			"dam"					
36			"dam"					
37			"dam"					
38			"dam"					
39			"dam"					
40			"dam"					
41			"dam"					
42			"dam"					
43			"dam"					
44			"dam"					
45			"dam"					
46			"dam"					
47			"dam"					
48			"dam"					
49			"dam"					
50			"dam"					
51			"dam"					
52			"dam"					
53			"dam"					
54			"dam"					
55	23	50	"progeny"	1	1	0	4	5
56	23	50	"progeny"	1	1	0	3	5
57	23	50	"progeny"	1	1	0	3	6
58	23	50	"progeny"	1	1	0	3	5
59	23	50	"progeny"	1	1	0		5
60	1	31	"progeny"	1	0	82	82	89
61	1	31	"progeny"	1	0			69
62	1	31	"progeny"	1	0	39	39	46
63	1	31	"progeny"	1	0	76	76	83
64	1	31	"progeny"	1	0			104
65	21	43	"progeny"	1	0	81	81	92
66	21	43	"progeny"	1	0	39	39	104
67	21	43	"progeny"	1	0	39	39	104
68	21	43	"progeny"	1	0	35	35	41
69	21	43	"progeny"	1	0	3	3	80
70	4	30	"progeny"	1	0	3	3	6
71	4	30	"progeny"	1	0	55	55	60
72	4	30	"progeny"	1	0	8	8	9
73	4	30	"progeny"	1	0	33	33	34
74	4	30	"progeny"	1	0	53	53	55
75	13	46	"progeny"	1	0			64
76	13	46	"progeny"	1	0	53	53	56
77	13	46	"progeny"	1	0	28	28	39
78	13	46	"progeny"	1	0	43	43	54
79	13	46	"progeny"	1	0	49	49	57
80	23	50	"progeny"	2	1	0	4	5
81	23	50	"progeny"	2	1	0	5	5
82	23	50	"progeny"	2	1	0	3	5
83	23	50	"progeny"	2	1	0	3	6
84	23	50	"progeny"	2	1	0	3	6
85	1	37	"progeny"	2	0			104
86	1	37	"progeny"	2	0	94	94	104
87	1	37	"progeny"	2	0			104
88	1	37	"progeny"	2	0			104
89	1	37	"progeny"	2	0			104
90	7	35	"progeny"	2	0			104
91	7	35	"progeny"	2	0			104
92	7	35	"progeny"	2	0			69
93	7	35	"progeny"	2	0			104
94	7	35	"progeny"	2	0			104
95	4	34	"progeny"	2	0			104
96	4	34	"progeny"	2	0			104
97	4	34	"progeny"	2	0	4	4	104
98	4	34	"progeny"	2	0			104
99	4	34	"progeny"	2	0			104
100	9	51	"progeny"	2	0			104
101	9	51	"progeny"	2	0	56	56	73
102	9	51	"progeny"	2	0	37	37	53
103	9	51	"progeny"	2	0			104
104	9	51	"progeny"	2	0			104
105	23	50	"progeny"	3	1	0	3	5
106	23	50	"progeny"	3	1	0	3	6
107	23	50	"progeny"	3	1	0	5	6
108	23	50	"progeny"	3	1	0	3	5
109	23	50	"progeny"	3	1	0	3	5
110	2	36	"progeny"	3	0	55	55	59
111	2	36	"progeny"	3	0			88
112	2	36	"progeny"	3	0	48	48	50
113	2	36	"progeny"	3	0			104
114	2	36	"progeny"	3	0	22	22	24
115	18	48	"progeny"	3	0	39	39	48
116	18	48	"progeny"	3	0	48	48	74
117	18	48	"progeny"	3	0	17	17	43
118	18	48	"progeny"	3	0	38	38	60
119	18	48	"progeny"	3	0	23	23	40
120	10	43	"progeny"	3	0	25	25	39
121	10	43	"progeny"	3	0	41	41	52
122	10	43	"progeny"	3	0			53
123	10	43	"progeny"	3	0	43	43	50
124	10	43	"progeny"	3	0	2	2	3
125	13	39	"progeny"	3	0			51
126	13	39	"progeny"	3	0	41	41	104
127	13	39	"progeny"	3	0			63
128	13	39	"progeny"	3	0	36	36	43
129	13	39	"progeny"	3	0	41	41	47
130	23	50	"progeny"	4	1	0		7
131	23	50	"progeny"	4	1	0	4	5
132	23	50	"progeny"	4	1	0		67
133	23	50	"progeny"	4	1	0	55	81
134	23	50	"progeny"	4	1	0	3	5
135	2	37	"progeny"	4	0	37	37	43
136	2	37	"progeny"	4	0	39	39	56
137	2	37	"progeny"	4	0	55	55	67
138	2	37	"progeny"	4	0	45	45	54
139	2	37	"progeny"	4	0	36	36	45
140	9	43	"progeny"	4	0	41	41	104
141	4	34	"progeny"	4	0	42	42	42
142	9	43	"progeny"	4	0	36	36	52
143	9	43	"progeny"	4	0			62
144	9	43	"progeny"	4	0	30	30	60
145	7	39	"progeny"	4	0	36	36	54
146	7	39	"progeny"	4	0	56	56	77
147	7	39	"progeny"	4	0	49	49	64
148	7	39	"progeny"	4	0			56
149	7	39	"progeny"	4	0	48	48	52
150	19	40	"progeny"	4	0			47
151	19	40	"progeny"	4	0	36	36	41
152	19	40	"progeny"	4	0	60	60	104
153	19	40	"progeny"	4	0			104
154	19	40	"progeny"	4	0	42	42	57
155	23	50	"progeny"	5	1	0		6
156	23	50	"progeny"	5	1	0	3	6
157	23	50	"progeny"	5	1	0	3	6
158	23	50	"progeny"	5	1	0	3	5
159	23	50	"progeny"	5	1	0		6
160	19	46	"progeny"	5	0			104
161	19	46	"progeny"	5	0			104
162	19	46	"progeny"	5	0			104
163	19	46	"progeny"	5	0			104
164	19	46	"progeny"	5	0	55	55	80
165	21	32	"progeny"	5	0	57	57	60
166	21	32	"progeny"	5	0	27	27	33
167	21	32	"progeny"	5	0	77	77	91
168	21	32	"progeny"	5	0	56	56	60
169	21	32	"progeny"	5	0	48	48	56
170	10	43	"progeny"	5	0	61	61	68
171	10	43	"progeny"	5	0			91
172	10	43	"progeny"	5	0	53	53	104
173	10	43	"progeny"	5	0			104
174	10	43	"progeny"	5	0			104
175	1	37	"progeny"	5	0	67	67	78
176	1	37	"progeny"	5	0	34	34	34
177	1	37	"progeny"	5	0			82
178	1	37	"progeny"	5	0	37	37	61
179	1	37	"progeny"	5	0			78
180	23	50	"progeny"	6	1	0		5
181	23	50	"progeny"	6	1	0	3	6
182	23	50	"progeny"	6	1	0	5	5
183	23	50	"progeny"	6	1	0	4	5
184	23	50	"progeny"	6	1	0	3	5
185	21	43	"progeny"	6	0	32	32	47
186	21	43	"progeny"	6	0			40
187	21	43	"progeny"	6	0	11	11	33
188	21	43	"progeny"	6	0	12	12	40
189	21	43	"progeny"	6	0	39	39	40
190	7	39	"progeny"	6	0	35	35	38
191	7	39	"progeny"	6	0	25	25	33
192	7	39	"progeny"	6	0	16	16	41
193	7	39	"progeny"	6	0	55	55	104
194	7	39	"progeny"	6	0	35	35	41
195	2	36	"progeny"	6	0			24
196	2	36	"progeny"	6	0	48	48	53
197	2	36	"progeny"	6	0	21	21	24
198	2	36	"progeny"	6	0			104
199	2	36	"progeny"	6	0			104
200	19	46	"progeny"	6	0			104
201	19	46	"progeny"	6	0	42	42	54
202	19	46	"progeny"	6	0	42	42	54
203	19	46	"progeny"	6	0	41	41	43
204	19	46	"progeny"	6	0	3	3	4
205	23	50	"progeny"	7	1	0	3	8
206	23	50	"progeny"	7	1	0	3	6
207	23	50	"progeny"	7	1	0	4	5
208	23	50	"progeny"	7	1	0		6
209	23	50	"progeny"	7	1	0	4	4
210	9	51	"progeny"	7	0	32	32	73
211	9	51	"progeny"	7	0			33
212	9	51	"progeny"	7	0	0	0	28
213	9	51	"progeny"	7	0			28
214	9	51	"progeny"	7	0	21	21	34
215	4	30	"progeny"	7	0	60	60	104
216	4	30	"progeny"	7	0	39	39	43
217	4	30	"progeny"	7	0			61
218	4	30	"progeny"	7	0	41	41	42
219	4	30	"progeny"	7	0	39	39	48
220	19	40	"progeny"	7	0	21	21	104
221	19	40	"progeny"	7	0	34	34	38
222	19	40	"progeny"	7	0	40	40	40
223	19	40	"progeny"	7	0	3	3	13
224	19	40	"progeny"	7	0			5
225	13	39	"progeny"	7	0	21	21	21
226	13	39	"progeny"	7	0	34	34	104
227	13	39	"progeny"	7	0	48	48	52
228	13	39	"progeny"	7	0	17	17	21
229	13	39	"progeny"	7	0			104
230	23	50	"progeny"	8	1	0	4	4
231	23	50	"progeny"	8	1	0		5
232	23	50	"progeny"	8	1	0	3	6
233	23	50	"progeny"	8	1	0	3	4
234	23	50	"progeny"	8	1	0	3	5
235	7	35	"progeny"	8	0	41	41	71
236	7	35	"progeny"	8	0	21	21	32
237	7	35	"progeny"	8	0	85	85	93
238	7	35	"progeny"	8	0			104
239	7	35	"progeny"	8	0	46	46	47
240	13	46	"progeny"	8	0	95	95	104
241	13	46	"progeny"	8	0	93	93	104
242	13	46	"progeny"	8	0	35	35	52
243	13	46	"progeny"	8	0			104
244	13	46	"progeny"	8	0	89	89	104
245	21	32	"progeny"	8	0	48	48	50
246	21	32	"progeny"	8	0	43	43	47
247	21	32	"progeny"	8	0			104
248	21	32	"progeny"	8	0			69
249	21	32	"progeny"	8	0			104
250	2	37	"progeny"	8	0			104
251	2	37	"progeny"	8	0			97
252	2	37	"progeny"	8	0	55	55	62
253	2	37	"progeny"	8	0			104
254	2	37	"progeny"	8	0			104
255	23	50	"progeny"	9	1	0		5
256	23	50	"progeny"	9	1	0	3	5
257	23	50	"progeny"	9	1	0	4	4
258	23	50	"progeny"	9	1	0	3	5
259	23	50	"progeny"	9	1	0	3	5
260	18	48	"progeny"	9	0	51	51	64
261	18	48	"progeny"	9	0	55	55	69
262	18	48	"progeny"	9	0			65
263	18	48	"progeny"	9	0	21	21	104
264	18	48	"progeny"	9	0	32	32	35
265	9	43	"progeny"	9	0			44
266	4	34	"progeny"	9	0	52	52	60
267	9	43	"progeny"	9	0	60	60	67
268	4	34	"progeny"	9	0			45
269	9	43	"progeny"	9	0	34	34	60
270	1	31	"progeny"	9	0	39	39	54
271	1	31	"progeny"	9	0	55	55	63
272	1	31	"progeny"	9	0	32	32	68
273	1	31	"progeny"	9	0	60	60	68
274	1	31	"progeny"	9	0	48	48	71
275	9	43	"progeny"	9	0			60
276	4	34	"progeny"	9	0	52	52	63
277	9	43	"progeny"	9	0	48	48	51
278	4	34	"progeny"	9	0	39	39	104
279	4	34	"progeny"	9	0			55
280	8	30	"progeny"	10	1	0	3	6
281	8	30	"progeny"	10	1	0	3	6
282	8	30	"progeny"	10	1	0	3	6
283	8	30	"progeny"	10	1	0	3	0
284	8	30	"progeny"	10	1	0		7
285	1	31	"progeny"	10	0			104
286	1	31	"progeny"	10	0	56	56	57
287	1	31	"progeny"	10	0			104
288	1	31	"progeny"	10	0			104
289	1	31	"progeny"	10	0			104
290	21	43	"progeny"	10	0			104
291	21	43	"progeny"	10	0			104
292	21	43	"progeny"	10	0			104
293	21	43	"progeny"	10	0			104
294	21	43	"progeny"	10	0			104
295	4	30	"progeny"	10	0			104
296	4	30	"progeny"	10	0			104
297	4	30	"progeny"	10	0			104
298	4	30	"progeny"	10	0			3
299	4	30	"progeny"	10	0			104
300	13	46	"progeny"	10	0			104
301	13	46	"progeny"	10	0			104
302	13	46	"progeny"	10	0			104
303	13	46	"progeny"	10	0			104
304	13	46	"progeny"	10	0			104
305	8	30	"progeny"	11	1	0		6
306	8	30	"progeny"	11	1	0	3	5
307	8	30	"progeny"	11	1	0	3	10
308	8	30	"progeny"	11	1	0	3	6
309	8	30	"progeny"	11	1	0	3	6
310	1	37	"progeny"	11	0			104
311	1	37	"progeny"	11	0			71
312	1	37	"progeny"	11	0			104
313	1	37	"progeny"	11	0			104
314	1	37	"progeny"	11	0			104
315	7	35	"progeny"	11	0			104
316	7	35	"progeny"	11	0			104
317	7	35	"progeny"	11	0			104
318	7	35	"progeny"	11	0			104
319	7	35	"progeny"	11	0			104
320	4	34	"progeny"	11	0			104
321	9	43	"progeny"	11	0			104
322	4	34	"progeny"	11	0			104
323	4	34	"progeny"	11	0	48	48	65
324	4	34	"progeny"	11	0			104
325	9	51	"progeny"	11	0			104
326	9	51	"progeny"	11	0			104
327	9	51	"progeny"	11	0			104
328	9	51	"progeny"	11	0			104
329	9	51	"progeny"	11	0			104
330	8	30	"progeny"	12	1	0		6
331	8	30	"progeny"	12	1	0	3	6
332	8	30	"progeny"	12	1	0	3	6
333	8	30	"progeny"	12	1	0	3	6
334	8	30	"progeny"	12	1	0	5	6
335	2	36	"progeny"	12	0	36	36	47
336	2	36	"progeny"	12	0			104
337	2	36	"progeny"	12	0			104
338	2	36	"progeny"	12	0			104
339	2	36	"progeny"	12	0	48	48	50
340	18	48	"progeny"	12	0			104
341	18	48	"progeny"	12	0	39	39	62
342	18	48	"progeny"	12	0	51	51	59
343	18	48	"progeny"	12	0	49	49	57
344	18	48	"progeny"	12	0	24	24	49
345	10	43	"progeny"	12	0	29	29	36
346	10	43	"progeny"	12	0	36	36	39
347	10	43	"progeny"	12	0	68	68	69
348	10	43	"progeny"	12	0	53	53	54
349	10	43	"progeny"	12	0	48	48	63
350	13	39	"progeny"	12	0			58
351	13	39	"progeny"	12	0	36	36	104
352	13	39	"progeny"	12	0			54
353	13	39	"progeny"	12	0	54	54	63
354	13	39	"progeny"	12	0			65
355	8	30	"progeny"	13	1	0	3	6
356	8	30	"progeny"	13	1	0	83	90
357	8	30	"progeny"	13	1	0	3	5
358	8	30	"progeny"	13	1	0	3	6
359	8	30	"progeny"	13	1	0	3	6
360	2	37	"progeny"	13	0	74	74	79
361	2	37	"progeny"	13	0	32	32	35
362	2	37	"progeny"	13	0	45	45	50
363	2	37	"progeny"	13	0	87	87	91
364	2	37	"progeny"	13	0	10	10	36
365	9	43	"progeny"	13	0	50	50	73
366	9	43	"progeny"	13	0	72	72	90
367	9	43	"progeny"	13	0	63	63	69
368	9	43	"progeny"	13	0	101	101	104
369	9	43	"progeny"	13	0			49
370	7	39	"progeny"	13	0	9	9	53
371	7	39	"progeny"	13	0	32	32	53
372	7	39	"progeny"	13	0			104
373	7	39	"progeny"	13	0	46	46	50
374	7	39	"progeny"	13	0	96	96	104
375	19	40	"progeny"	13	0	47	47	50
376	19	40	"progeny"	13	0	74	74	80
377	19	40	"progeny"	13	0	63	63	81
378	19	40	"progeny"	13	0	60	60	68
379	19	40	"progeny"	13	0	51	51	60
380	8	30	"progeny"	14	1	0		6
381	8	30	"progeny"	14	1	0	3	6
382	8	30	"progeny"	14	1	0	23	39
383	8	30	"progeny"	14	1	0	3	7
384	8	30	"progeny"	14	1	0	3	6
385	19	46	"progeny"	14	0	13	13	20
386	19	46	"progeny"	14	0			48
387	19	46	"progeny"	14	0			48
388	19	46	"progeny"	14	0			48
389	19	46	"progeny"	14	0			48
390	21	32	"progeny"	14	0			48
391	21	32	"progeny"	14	0			48
392	21	32	"progeny"	14	0			48
393	21	32	"progeny"	14	0			48
394	21	32	"progeny"	14	0			48
395	10	43	"progeny"	14	0			48
396	10	43	"progeny"	14	0			48
397	10	43	"progeny"	14	0			48
398	10	43	"progeny"	14	0			48
399	10	43	"progeny"	14	0			48
400	1	37	"progeny"	14	0			48
401	1	37	"progeny"	14	0	39	39	48
402	1	37	"progeny"	14	0			48
403	1	37	"progeny"	14	0	35	35	37
404	1	37	"progeny"	14	0			48
405	8	30	"progeny"	15	1	0		6
406	8	30	"progeny"	15	1	0	3	5
407	8	30	"progeny"	15	1	0	3	6
408	8	30	"progeny"	15	1	0	5	6
409	8	30	"progeny"	15	1	0	3	6
410	21	43	"progeny"	15	0	28	28	34
411	21	43	"progeny"	15	0	39	39	40
412	21	43	"progeny"	15	0	48	48	51
413	21	43	"progeny"	15	0			104
414	21	43	"progeny"	15	0			104
415	7	39	"progeny"	15	0	35	35	49
416	7	39	"progeny"	15	0	35	35	104
417	7	39	"progeny"	15	0	35	35	47
418	7	39	"progeny"	15	0	35	35	38
419	7	39	"progeny"	15	0			104
420	2	36	"progeny"	15	0	32	32	34
421	2	36	"progeny"	15	0	5	5	8
422	2	36	"progeny"	15	0	11	11	32
423	2	36	"progeny"	15	0	101	101	104
424	2	36	"progeny"	15	0	13	13	13
425	19	46	"progeny"	15	0	11	11	104
426	19	46	"progeny"	15	0	3	3	3
427	19	46	"progeny"	15	0	101	101	104
428	19	46	"progeny"	15	0	48	48	60
429	19	46	"progeny"	15	0	86	86	104
430	8	30	"progeny"	16	1	0		4
431	8	30	"progeny"	16	1	0	3	7
432	8	30	"progeny"	16	1	0	102	104
433	8	30	"progeny"	16	1	0	4	6
434	8	30	"progeny"	16	1	0	3	6
435	9	51	"progeny"	16	0	33	33	37
436	9	51	"progeny"	16	0	33	33	104
437	9	51	"progeny"	16	0			104
438	9	51	"progeny"	16	0			104
439	9	51	"progeny"	16	0			66
440	4	30	"progeny"	16	0	87	87	90
441	4	30	"progeny"	16	0	62	62	75
442	4	30	"progeny"	16	0	3	3	15
443	4	30	"progeny"	16	0	64	64	80
444	4	30	"progeny"	16	0	39	39	48
445	19	40	"progeny"	16	0			80
446	19	40	"progeny"	16	0	28	28	36
447	19	40	"progeny"	16	0			104
448	19	40	"progeny"	16	0			104
449	19	40	"progeny"	16	0	35	35	104
450	13	39	"progeny"	16	0			104
451	13	39	"progeny"	16	0	69	69	77
452	13	39	"progeny"	16	0	66	66	69
453	13	39	"progeny"	16	0	30	30	37
454	13	39	"progeny"	16	0	58	58	68
455	8	30	"progeny"	17	1	0		6
456	8	30	"progeny"	17	1	0	6	6
457	8	30	"progeny"	17	1	0	3	6
458	8	30	"progeny"	17	1	0	3	8
459	8	30	"progeny"	17	1	0	3	11
460	7	35	"progeny"	17	0			104
461	7	35	"progeny"	17	0			104
462	7	35	"progeny"	17	0			104
463	7	35	"progeny"	17	0	3	3	7
464	7	35	"progeny"	17	0			104
465	13	46	"progeny"	17	0			104
466	13	46	"progeny"	17	0	77	77	87
467	13	46	"progeny"	17	0	59	59	60
468	13	46	"progeny"	17	0			104
469	13	46	"progeny"	17	0			104
470	21	32	"progeny"	17	0	43	43	53
471	21	32	"progeny"	17	0	46	46	49
472	21	32	"progeny"	17	0	72	72	85
473	21	32	"progeny"	17	0	50	50	57
474	21	32	"progeny"	17	0			104
475	2	37	"progeny"	17	0			104
476	2	37	"progeny"	17	0			104
477	2	37	"progeny"	17	0			104
478	2	37	"progeny"	17	0			39
479	2	37	"progeny"	17	0			104
480	8	30	"progeny"	18	1	0	5	6
481	8	30	"progeny"	18	1	0	3	6
482	8	30	"progeny"	18	1	0	3	5
483	8	30	"progeny"	18	1	0	3	6
484	8	30	"progeny"	18	1	0	3	8
485	18	48	"progeny"	18	0			104
486	18	48	"progeny"	18	0			104
487	9	43	"progeny"	18	0			104
488	18	48	"progeny"	18	0	68	68	78
489	9	43	"progeny"	18	0			104
490	1	31	"progeny"	18	0			104
491	1	31	"progeny"	18	0			26
492	9	43	"progeny"	18	0			40
493	4	34	"progeny"	18	0			57
494	4	34	"progeny"	18	0			59
495	1	31	"progeny"	18	0			104
496	18	48	"progeny"	18	0			51
497	18	48	"progeny"	18	0			104
498	1	31	"progeny"	18	0			104
499	1	31	"progeny"	18	0	77	77	78
500	4	34	"progeny"	18	0			104
501	4	34	"progeny"	18	0			63
502	9	43	"progeny"	18	0			95
503	4	34	"progeny"	18	0			104
504	4	34	"progeny"	18	0	75	75	78
505	3	31	"progeny"	19	1	0	3	6
506	3	31	"progeny"	19	1	0		5
507	3	31	"progeny"	19	1	0		6
508	3	31	"progeny"	19	1	0	4	5
509	3	31	"progeny"	19	1	0	5	6
510	1	31	"progeny"	19	0	41	41	45
511	1	31	"progeny"	19	0	48	48	50
512	1	31	"progeny"	19	0			66
513	1	31	"progeny"	19	0	35	35	41
514	1	31	"progeny"	19	0			84
515	21	43	"progeny"	19	0	44	44	47
516	21	43	"progeny"	19	0	67	67	77
517	21	43	"progeny"	19	0	47	47	50
518	21	43	"progeny"	19	0			61
519	21	43	"progeny"	19	0	41	41	48
520	4	30	"progeny"	19	0	52	52	55
521	4	30	"progeny"	19	0	39	39	43
522	4	30	"progeny"	19	0			57
523	4	30	"progeny"	19	0	48	48	66
524	4	30	"progeny"	19	0	28	28	34
525	13	46	"progeny"	19	0			48
526	13	46	"progeny"	19	0	77	77	104
527	13	46	"progeny"	19	0			25
528	13	46	"progeny"	19	0	64	64	80
529	13	46	"progeny"	19	0			35
530	3	31	"progeny"	20	1	0	4	5
531	3	31	"progeny"	20	1	0		5
532	3	31	"progeny"	20	1	0	5	5
533	3	31	"progeny"	20	1	0	5	5
534	3	31	"progeny"	20	1	0		5
535	1	37	"progeny"	20	0	88	88	97
536	1	37	"progeny"	20	0	34	34	40
537	1	37	"progeny"	20	0			104
538	1	37	"progeny"	20	0			36
539	2	37	"progeny"	20	0	14	14	25
540	7	35	"progeny"	20	0			104
541	7	35	"progeny"	20	0			104
542	7	35	"progeny"	20	0			104
543	7	35	"progeny"	20	0			104
544	7	35	"progeny"	20	0			104
545	4	34	"progeny"	20	0	32	32	55
546	4	34	"progeny"	20	0			104
547	4	34	"progeny"	20	0			66
548	4	34	"progeny"	20	0			56
549	4	31	"progeny"	20	0			104
550	9	51	"progeny"	20	0			74
551	9	51	"progeny"	20	0			11
552	9	51	"progeny"	20	0			104
553	9	51	"progeny"	20	0			81
554	9	51	"progeny"	20	0			104
555	3	31	"progeny"	21	1	0	5	5
556	3	31	"progeny"	21	1	0		9
557	3	31	"progeny"	21	1	0	3	5
558	3	31	"progeny"	21	1	0	58	61
559	3	31	"progeny"	21	1	0	3	5
560	2	36	"progeny"	21	0	76	76	81
561	2	36	"progeny"	21	0	3	3	12
562	2	36	"progeny"	21	0			66
563	2	36	"progeny"	21	0	38	38	39
564	2	36	"progeny"	21	0	64	64	67
565	18	48	"progeny"	21	0	19	19	40
566	18	48	"progeny"	21	0			54
567	18	48	"progeny"	21	0	14	14	40
568	18	48	"progeny"	21	0	50	50	56
569	18	48	"progeny"	21	0	57	57	58
570	10	43	"progeny"	21	0	29	29	47
571	10	43	"progeny"	21	0	27	27	66
572	10	43	"progeny"	21	0			50
573	10	43	"progeny"	21	0	57	57	66
574	10	43	"progeny"	21	0			57
575	13	39	"progeny"	21	0	49	49	59
576	13	39	"progeny"	21	0	69	69	75
577	13	39	"progeny"	21	0	60	60	73
578	13	39	"progeny"	21	0	33	33	104
579	13	39	"progeny"	21	0	27	27	29
580	3	31	"progeny"	22	1	0		4
581	3	31	"progeny"	22	1	0		5
582	3	31	"progeny"	22	1	0	3	5
583	3	31	"progeny"	22	1	0		10
584	3	31	"progeny"	22	1	0	5	5
585	2	37	"progeny"	22	0			74
586	2	37	"progeny"	22	0			58
587	2	37	"progeny"	22	0			60
588	2	37	"progeny"	22	0	53	53	74
589	2	37	"progeny"	22	0	57	57	65
590	4	34	"progeny"	22	0			69
591	9	43	"progeny"	22	0	57	57	104
592	4	34	"progeny"	22	0			57
593	9	43	"progeny"	22	0	43	43	48
594	4	34	"progeny"	22	0	57	57	59
595	7	39	"progeny"	22	0			66
596	7	39	"progeny"	22	0	57	57	62
597	7	39	"progeny"	22	0			104
598	7	39	"progeny"	22	0	53	53	63
599	7	39	"progeny"	22	0	33	33	42
600	19	40	"progeny"	22	0			104
601	19	40	"progeny"	22	0			53
602	19	40	"progeny"	22	0	60	60	61
603	19	40	"progeny"	22	0	76	76	79
604	19	40	"progeny"	22	0	42	42	46
605	3	31	"progeny"	23	1	0	5	5
606	3	31	"progeny"	23	1	0	5	5
607	3	31	"progeny"	23	1	0		6
608	3	31	"progeny"	23	1	0	3	6
609	3	31	"progeny"	23	1	0	3	5
610	19	46	"progeny"	23	0	39	39	48
611	19	46	"progeny"	23	0			104
612	19	46	"progeny"	23	0	12	12	17
613	19	46	"progeny"	23	0	7	7	12
614	19	46	"progeny"	23	0	24	24	47
615	21	32	"progeny"	23	0	21	21	32
616	21	32	"progeny"	23	0	51	51	52
617	21	32	"progeny"	23	0			46
618	21	32	"progeny"	23	0	47	47	48
619	21	32	"progeny"	23	0	35	35	39
620	10	43	"progeny"	23	0	32	32	37
621	10	43	"progeny"	23	0			49
622	10	43	"progeny"	23	0	35	35	47
623	10	43	"progeny"	23	0	41	41	43
624	10	43	"progeny"	23	0			47
625	1	37	"progeny"	23	0	57	57	57
626	1	37	"progeny"	23	0	30	30	40
627	1	37	"progeny"	23	0	43	43	46
628	1	37	"progeny"	23	0	43	43	46
629	1	37	"progeny"	23	0			104
630	3	31	"progeny"	24	1	0	5	7
631	3	31	"progeny"	24	1	0	3	6
632	3	31	"progeny"	24	1	0	5	6
633	3	31	"progeny"	24	1	0	4	4
634	3	31	"progeny"	24	1	0	6	12
635	21	43	"progeny"	24	0	37	37	50
636	21	43	"progeny"	24	0	28	28	47
637	21	43	"progeny"	24	0	42	42	50
638	21	43	"progeny"	24	0	53	53	60
639	21	43	"progeny"	24	0	46	46	49
640	7	39	"progeny"	24	0	55	55	69
641	7	39	"progeny"	24	0	43	43	48
642	7	39	"progeny"	24	0			70
643	7	39	"progeny"	24	0	43	43	60
644	7	39	"progeny"	24	0	53	53	65
645	2	36	"progeny"	24	0	45	45	47
646	2	36	"progeny"	24	0	53	53	72
647	2	36	"progeny"	24	0			73
648	2	36	"progeny"	24	0	32	32	48
649	2	36	"progeny"	24	0	3	3	7
650	19	46	"progeny"	24	0			2
651	19	46	"progeny"	24	0	14	14	14
652	19	46	"progeny"	24	0	32	32	49
653	19	46	"progeny"	24	0			104
654	19	46	"progeny"	24	0	32	32	53
655	3	31	"progeny"	25	1	0	4	6
656	3	31	"progeny"	25	1	0	5	46
657	3	31	"progeny"	25	1	0		5
658	3	31	"progeny"	25	1	0		5
659	3	31	"progeny"	25	1	0	3	5
660	9	51	"progeny"	25	0	52	52	53
661	9	51	"progeny"	25	0	39	39	51
662	9	51	"progeny"	25	0	57	57	104
663	9	51	"progeny"	25	0	55	55	61
664	9	51	"progeny"	25	0	55	55	72
665	4	30	"progeny"	25	0			48
666	4	30	"progeny"	25	0	34	34	60
667	4	30	"progeny"	25	0	57	57	57
668	4	30	"progeny"	25	0	55	55	60
669	4	30	"progeny"	25	0	67	67	71
670	19	40	"progeny"	25	0	57	57	60
671	19	40	"progeny"	25	0	43	43	71
672	19	40	"progeny"	25	0	43	43	54
673	19	40	"progeny"	25	0	49	49	55
674	19	40	"progeny"	25	0	55	55	73
675	13	39	"progeny"	25	0			63
676	13	39	"progeny"	25	0	49	49	57
677	13	39	"progeny"	25	0	42	42	68
678	13	39	"progeny"	25	0	45	45	55
679	13	39	"progeny"	25	0	54	54	62
680	3	31	"progeny"	26	1	0	5	7
681	3	31	"progeny"	26	1	0	4	5
682	3	31	"progeny"	26	1	0	3	4
683	3	31	"progeny"	26	1	0	4	5
684	3	31	"progeny"	26	1	0	5	6
685	7	35	"progeny"	26	0			104
686	7	35	"progeny"	26	0	57	57	60
687	7	35	"progeny"	26	0	49	49	64
688	7	35	"progeny"	26	0	32	32	48
689	7	35	"progeny"	26	0	48	48	52
690	13	46	"progeny"	26	0			53
691	13	46	"progeny"	26	0	43	43	46
692	13	46	"progeny"	26	0	31	31	62
693	13	46	"progeny"	26	0	47	47	48
694	13	46	"progeny"	26	0	33	33	49
695	21	32	"progeny"	26	0	57	57	60
696	21	32	"progeny"	26	0	43	43	48
697	21	32	"progeny"	26	0	38	38	47
698	21	32	"progeny"	26	0	48	48	53
699	21	32	"progeny"	26	0	27	27	48
700	2	37	"progeny"	26	0	33	33	40
701	2	37	"progeny"	26	0	36	36	47
702	2	37	"progeny"	26	0	18	18	36
703	2	37	"progeny"	26	0	35	35	48
704	2	37	"progeny"	26	0	41	41	44
705	3	31	"progeny"	27	1	0	3	5
706	3	31	"progeny"	27	1	0	3	5
707	3	31	"progeny"	27	1	0	3	5
708	3	31	"progeny"	27	1	0	3	5
709	3	31	"progeny"	27	1	0	3	6
710	18	48	"progeny"	27	0	73	73	94
711	18	48	"progeny"	27	0	46	46	63
712	18	48	"progeny"	27	0	46	46	57
713	18	48	"progeny"	27	0			32
714	18	48	"progeny"	27	0			104
715	9	43	"progeny"	27	0	65	65	68
716	9	43	"progeny"	27	0	43	43	48
717	9	43	"progeny"	27	0	58	58	65
718	9	43	"progeny"	27	0			104
719	4	34	"progeny"	27	0	26	26	35
720	1	31	"progeny"	27	0	62	62	75
721	1	31	"progeny"	27	0	43	43	61
722	1	31	"progeny"	27	0	49	49	62
723	1	31	"progeny"	27	0	31	31	34
724	1	31	"progeny"	27	0	59	59	65
725	4	34	"progeny"	27	0			104
726	9	43	"progeny"	27	0	44	44	51
727	9	43	"progeny"	27	0	36	36	54
728	4	34	"progeny"	27	0	47	47	53
729	4	34	"progeny"	27	0	31	31	34
730	26	51	"progeny"	28	1	0	3	5
731	26	51	"progeny"	28	1	0	3	5
732	26	51	"progeny"	28	1	0	3	6
733	26	51	"progeny"	28	1	0	3	6
734	26	51	"progeny"	28	1	0	3	5
735	1	31	"progeny"	28	0	21	21	47
736	1	31	"progeny"	28	0	68	68	75
737	1	31	"progeny"	28	0			66
738	1	31	"progeny"	28	0			104
739	1	31	"progeny"	28	0			49
740	21	43	"progeny"	28	0			49
741	21	43	"progeny"	28	0	28	28	35
742	21	43	"progeny"	28	0	61	61	64
743	21	43	"progeny"	28	0			104
744	21	43	"progeny"	28	0	38	38	56
745	4	30	"progeny"	28	0	48	48	49
746	4	30	"progeny"	28	0	9	9	9
747	4	30	"progeny"	28	0			104
748	4	30	"progeny"	28	0	69	69	73
749	4	30	"progeny"	28	0			104
750	13	46	"progeny"	28	0	55	55	55
751	13	46	"progeny"	28	0	46	46	48
752	13	46	"progeny"	28	0	52	52	59
753	13	46	"progeny"	28	0	53	53	56
754	13	46	"progeny"	28	0	45	45	48
755	26	51	"progeny"	29	1	0	3	4
756	26	51	"progeny"	29	1	0	5	5
757	26	51	"progeny"	29	1	0	3	5
758	26	51	"progeny"	29	1	0	3	6
759	26	51	"progeny"	29	1	0	3	5
760	1	37	"progeny"	29	0			104
761	1	37	"progeny"	29	0			104
762	1	37	"progeny"	29	0			104
763	1	37	"progeny"	29	0			76
764	1	37	"progeny"	29	0			104
765	7	35	"progeny"	29	0			104
766	7	35	"progeny"	29	0			104
767	7	35	"progeny"	29	0			104
768	7	35	"progeny"	29	0			104
769	7	35	"progeny"	29	0			104
770	4	34	"progeny"	29	0			104
771	4	34	"progeny"	29	0			104
772	4	34	"progeny"	29	0	39	39	104
773	4	34	"progeny"	29	0			104
774	4	34	"progeny"	29	0			104
775	9	51	"progeny"	29	0			104
776	9	51	"progeny"	29	0			55
777	9	51	"progeny"	29	0			104
778	9	51	"progeny"	29	0			104
779	9	51	"progeny"	29	0			104
780	26	51	"progeny"	30	1	0		6
781	26	51	"progeny"	30	1	0	3	5
782	26	51	"progeny"	30	1	0	3	4
783	26	51	"progeny"	30	1	0	3	6
784	26	51	"progeny"	30	1	0	5	11
785	2	36	"progeny"	30	0	53	53	57
786	2	36	"progeny"	30	0	55	55	61
787	2	36	"progeny"	30	0	3	3	4
788	2	36	"progeny"	30	0			104
789	2	36	"progeny"	30	0	13	13	104
790	18	48	"progeny"	30	0	40	40	40
791	18	48	"progeny"	30	0	36	36	39
792	18	48	"progeny"	30	0	55	55	60
793	18	48	"progeny"	30	0			104
794	18	48	"progeny"	30	0	55	55	58
795	10	43	"progeny"	30	0	52	52	60
796	10	43	"progeny"	30	0	60	60	66
797	10	43	"progeny"	30	0	91	91	96
798	10	43	"progeny"	30	0	75	75	77
799	10	43	"progeny"	30	0	80	80	86
800	13	39	"progeny"	30	0	34	34	57
801	13	39	"progeny"	30	0			104
802	13	39	"progeny"	30	0			104
803	13	39	"progeny"	30	0			104
804	13	39	"progeny"	30	0	27	27	38
805	26	51	"progeny"	31	1	0		5
806	26	51	"progeny"	31	1	0	3	5
807	26	51	"progeny"	31	1	0	3	4
808	26	51	"progeny"	31	1	0	3	5
809	26	51	"progeny"	31	1	0	3	5
810	2	37	"progeny"	31	0	39	39	41
811	2	37	"progeny"	31	0	5	5	20
812	2	37	"progeny"	31	0			44
813	2	37	"progeny"	31	0			60
814	2	37	"progeny"	31	0	32	32	48
815	9	43	"progeny"	31	0	41	41	42
816	9	43	"progeny"	31	0	3	3	4
817	9	43	"progeny"	31	0			42
818	4	34	"progeny"	31	0	69	69	72
819	4	34	"progeny"	31	0	36	36	40
820	7	39	"progeny"	31	0			51
821	7	39	"progeny"	31	0	21	21	43
822	7	39	"progeny"	31	0	54	54	62
823	7	39	"progeny"	31	0	29	29	45
824	7	39	"progeny"	31	0	43	43	104
825	19	40	"progeny"	31	0			104
826	19	40	"progeny"	31	0	61	61	62
827	19	40	"progeny"	31	0			104
828	19	40	"progeny"	31	0	21	21	27
829	19	40	"progeny"	31	0	51	51	57
830	26	51	"progeny"	32	1	0	3	5
831	26	51	"progeny"	32	1	0	42	46
832	26	51	"progeny"	32	1	0	5	6
833	26	51	"progeny"	32	1	0	3	5
834	26	51	"progeny"	32	1	0	3	5
835	19	46	"progeny"	32	0	38	38	46
836	19	46	"progeny"	32	0	10	10	10
837	19	46	"progeny"	32	0	45	45	46
838	19	46	"progeny"	32	0	43	43	47
839	19	46	"progeny"	32	0	5	5	12
840	21	32	"progeny"	32	0	41	41	46
841	21	32	"progeny"	32	0			47
842	21	32	"progeny"	32	0	35	35	46
843	21	32	"progeny"	32	0	46	46	47
844	21	32	"progeny"	32	0	44	44	47
845	10	43	"progeny"	32	0	37	37	45
846	10	43	"progeny"	32	0	24	24	47
847	10	43	"progeny"	32	0			45
848	10	43	"progeny"	32	0	37	37	45
849	10	43	"progeny"	32	0			45
850	1	37	"progeny"	32	0			
851	1	37	"progeny"	32	0			45
852	1	37	"progeny"	32	0	41	41	46
853	1	37	"progeny"	32	0	37	37	45
854	1	37	"progeny"	32	0	38	38	45
855	26	51	"progeny"	33	1	0	3	6
856	26	51	"progeny"	33	1	0	5	5
857	26	51	"progeny"	33	1	0	3	6
858	26	51	"progeny"	33	1	0	5	5
859	26	51	"progeny"	33	1	0		6
860	21	43	"progeny"	33	0	30	30	43
861	21	43	"progeny"	33	0	44	44	65
862	21	43	"progeny"	33	0	63	63	64
863	21	43	"progeny"	33	0	35	35	45
864	21	43	"progeny"	33	0			27
865	7	39	"progeny"	33	0	3	3	3
866	7	39	"progeny"	33	0			3
867	7	39	"progeny"	33	0	43	43	48
868	7	39	"progeny"	33	0			26
869	7	39	"progeny"	33	0			33
870	2	36	"progeny"	33	0	41	41	104
871	2	36	"progeny"	33	0			4
872	2	36	"progeny"	33	0	41	41	46
873	2	36	"progeny"	33	0			104
874	2	36	"progeny"	33	0	11	11	16
875	19	46	"progeny"	33	0			46
876	19	46	"progeny"	33	0	41	41	46
877	19	46	"progeny"	33	0	57	57	104
878	19	46	"progeny"	33	0			11
879	19	46	"progeny"	33	0	18	18	36
880	26	51	"progeny"	34	1	0		11
881	26	51	"progeny"	34	1	0	3	10
882	26	51	"progeny"	34	1	0	3	4
883	26	51	"progeny"	34	1	0	3	5
884	26	51	"progeny"	34	1	0		104
885	9	51	"progeny"	34	0			104
886	9	51	"progeny"	34	0			104
887	9	51	"progeny"	34	0	49	49	67
888	9	51	"progeny"	34	0			104
889	9	51	"progeny"	34	0			104
890	4	30	"progeny"	34	0			104
891	4	30	"progeny"	34	0	3	3	13
892	4	30	"progeny"	34	0			104
893	4	30	"progeny"	34	0			104
894	4	30	"progeny"	34	0			104
895	19	40	"progeny"	34	0			28
896	19	40	"progeny"	34	0	49	49	55
897	19	40	"progeny"	34	0			104
898	19	40	"progeny"	34	0			104
899	19	40	"progeny"	34	0			104
900	13	39	"progeny"	34	0			104
901	13	39	"progeny"	34	0			104
902	13	39	"progeny"	34	0	5	5	5
903	13	39	"progeny"	34	0			104
904	13	39	"progeny"	34	0			104
905	26	51	"progeny"	35	1	0		5
906	26	51	"progeny"	35	1	0	3	5
907	26	51	"progeny"	35	1	0	3	8
908	26	51	"progeny"	35	1	0	3	6
909	26	51	"progeny"	35	1	0	3	5
910	7	35	"progeny"	35	0			104
911	7	35	"progeny"	35	0	24	24	30
912	7	35	"progeny"	35	0	0	0	47
913	7	35	"progeny"	35	0	12	12	17
914	7	35	"progeny"	35	0			104
915	13	46	"progeny"	35	0			48
916	13	46	"progeny"	35	0	35	35	104
917	13	46	"progeny"	35	0	56	56	64
918	13	46	"progeny"	35	0	52	52	56
919	13	46	"progeny"	35	0	45	45	50
920	21	32	"progeny"	35	0			35
921	21	32	"progeny"	35	0	52	52	75
922	21	32	"progeny"	35	0	42	42	60
923	21	32	"progeny"	35	0			48
924	21	32	"progeny"	35	0			
925	2	37	"progeny"	35	0			43
926	2	37	"progeny"	35	0	42	42	48
927	2	37	"progeny"	35	0	41	41	48
928	2	37	"progeny"	35	0	35	35	38
929	2	37	"progeny"	35	0	42	42	46
930	26	51	"progeny"	36	1	0	3	6
931	26	51	"progeny"	36	1	0	3	5
932	26	51	"progeny"	36	1	0	3	5
933	26	51	"progeny"	36	1	0	3	5
934	26	51	"progeny"	36	1	0	3	5
935	18	48	"progeny"	36	0	53	53	55
936	18	48	"progeny"	36	0	56	56	79
937	18	48	"progeny"	36	0	12	12	18
938	18	48	"progeny"	36	0			69
939	18	48	"progeny"	36	0			36
940	4	34	"progeny"	36	0	39	39	49
941	9	43	"progeny"	36	0	27	27	53
942	9	43	"progeny"	36	0	53	53	59
943	1	34	"progeny"	36	0	69	69	72
944	4	34	"progeny"	36	0	43	43	50
945	1	31	"progeny"	36	0			104
946	1	31	"progeny"	36	0	99	99	104
947	1	31	"progeny"	36	0	68	68	86
948	1	31	"progeny"	36	0	57	57	69
949	1	31	"progeny"	36	0			104
950	4	34	"progeny"	36	0	68	68	79
951	4	34	"progeny"	36	0	68	68	75
952	4	34	"progeny"	36	0			47
953	4	34	"progeny"	36	0	39	39	65
954	4	34	"progeny"	36	0	19	19	35
955	17	54	"progeny"	37	1	0		26
956	17	54	"progeny"	37	1	0	3	22
957	17	54	"progeny"	37	1	0		160
958	17	54	"progeny"	37	1	0	41	64
959	17	54	"progeny"	37	1	0		56
960	6	32	"progeny"	37	0			44
961	6	32	"progeny"	37	0	21	21	32
962	6	32	"progeny"	37	0			56
963	6	32	"progeny"	37	0			46
964	6	32	"progeny"	37	0	35	35	37
965	12	53	"progeny"	37	0	11	11	14
966	12	53	"progeny"	37	0			160
967	12	53	"progeny"	37	0			57
968	12	53	"progeny"	37	0	15	15	18
969	12	53	"progeny"	37	0	52	52	57
970	20	48	"progeny"	37	0	44	44	52
971	20	48	"progeny"	37	0			160
972	20	48	"progeny"	37	0	57	57	64
973	20	48	"progeny"	37	0	45	45	50
974	20	48	"progeny"	37	0	42	42	43
975	27	38	"progeny"	37	0			160
976	27	38	"progeny"	37	0			160
977	27	38	"progeny"	37	0			160
978	27	38	"progeny"	37	0	38	38	39
979	27	38	"progeny"	37	0			50
980	17	54	"progeny"	38	1	0	17	21
981	17	54	"progeny"	38	1	0	113	130
982	17	54	"progeny"	38	1	0	91	102
983	17	54	"progeny"	38	1	0	7	14
984	17	54	"progeny"	38	1	0	22	24
985	11	44	"progeny"	38	0	54	54	81
986	11	44	"progeny"	38	0	77	77	105
987	11	44	"progeny"	38	0	82	82	88
988	11	44	"progeny"	38	0	103	103	116
989	11	44	"progeny"	38	0	66	66	71
990	16	45	"progeny"	38	0	92	92	113
991	16	45	"progeny"	38	0	3	3	14
992	16	45	"progeny"	38	0			160
993	16	45	"progeny"	38	0	79	79	86
994	16	45	"progeny"	38	0			104
995	24	52	"progeny"	38	0			160
996	24	52	"progeny"	38	0	106	106	124
997	24	52	"progeny"	38	0	72	72	82
998	24	52	"progeny"	38	0	114	114	120
999	24	52	"progeny"	38	0			160
1000	28	38	"progeny"	38	0			111
1001	28	38	"progeny"	38	0	52	52	55
1002	28	38	"progeny"	38	0	86	86	103
1003	28	38	"progeny"	38	0	105	105	111
1004	28	38	"progeny"	38	0	107	107	121
1005	17	54	"progeny"	39	1	0		160
1006	17	54	"progeny"	39	1	0		145
1007	17	54	"progeny"	39	1	0		160
1008	17	54	"progeny"	39	1	0		160
1009	17	54	"progeny"	39	1	0		160
1010	25	53	"progeny"	39	0	85	85	115
1011	25	53	"progeny"	39	0			118
1012	25	53	"progeny"	39	0	113	113	122
1013	25	53	"progeny"	39	0	109	109	117
1014	25	53	"progeny"	39	0			160
1015	11	44	"progeny"	39	0			123
1016	11	44	"progeny"	39	0	113	113	116
1017	11	44	"progeny"	39	0	120	120	126
1018	11	44	"progeny"	39	0			160
1019	11	44	"progeny"	39	0	106	106	122
1020	22	42	"progeny"	39	0	152	152	160
1021	22	42	"progeny"	39	0			119
1022	22	42	"progeny"	39	0			160
1023	22	42	"progeny"	39	0			160
1024	22	42	"progeny"	39	0			160
1025	29	47	"progeny"	39	0			160
1026	29	47	"progeny"	39	0			160
1027	29	47	"progeny"	39	0			117
1028	29	47	"progeny"	39	0			121
1029	29	47	"progeny"	39	0	117	117	145
1030	17	54	"progeny"	40	1	0	113	116
1031	17	54	"progeny"	40	1	0	102	116
1032	17	54	"progeny"	40	1	0	3	21
1033	17	54	"progeny"	40	1	0	107	116
1034	17	54	"progeny"	40	1	0	100	116
1035	14	52	"progeny"	40	0			116
1036	14	52	"progeny"	40	0			117
1037	14	52	"progeny"	40	0			116
1038	14	52	"progeny"	40	0			118
1039	14	52	"progeny"	40	0			116
1040	21	42	"progeny"	40	0			116
1041	21	42	"progeny"	40	0			116
1042	21	42	"progeny"	40	0	112	112	117
1043	21	42	"progeny"	40	0	97	97	116
1044	21	42	"progeny"	40	0			116
1045	12	38	"progeny"	40	0			116
1046	12	38	"progeny"	40	0	111	111	134
1047	12	38	"progeny"	40	0			116
1048	12	38	"progeny"	40	0	95	95	115
1049	12	38	"progeny"	40	0			117
1050	16	45	"progeny"	40	0			116
1051	16	45	"progeny"	40	0			116
1052	16	45	"progeny"	40	0			116
1053	16	45	"progeny"	40	0			116
1054	16	45	"progeny"	40	0			130
1055	17	54	"progeny"	41	1	0		160
1056	17	54	"progeny"	41	1	0		160
1057	17	54	"progeny"	41	1	0	23	25
1058	17	54	"progeny"	41	1	0		160
1059	17	54	"progeny"	41	1	0		29
1060	16	41	"progeny"	41	0			116
1061	6	32	"progeny"	41	0			160
1062	6	32	"progeny"	41	0			160
1063	6	32	"progeny"	41	0			117
1064	6	32	"progeny"	41	0			119
1065	24	52	"progeny"	41	0			121
1066	24	52	"progeny"	41	0	96	96	116
1067	24	52	"progeny"	41	0	102	102	122
1068	24	52	"progeny"	41	0			160
1069	24	52	"progeny"	41	0			160
1070	5	33	"progeny"	41	0			160
1071	5	33	"progeny"	41	0	92	92	116
1072	5	33	"progeny"	41	0	93	93	122
1073	5	33	"progeny"	41	0			160
1074	5	33	"progeny"	41	0	14	14	95
1075	16	41	"progeny"	41	0			160
1076	16	41	"progeny"	41	0			160
1077	16	41	"progeny"	41	0	111	111	119
1078	16	41	"progeny"	41	0	107	107	112
1079	16	41	"progeny"	41	0			160
1080	17	54	"progeny"	42	1	0		160
1081	17	54	"progeny"	42	1	0		16
1082	17	54	"progeny"	42	1	0		160
1083	17	54	"progeny"	42	1	0	23	31
1084	17	54	"progeny"	42	1	0		160
1085	12	53	"progeny"	42	0			160
1086	12	53	"progeny"	42	0	105	105	118
1087	12	53	"progeny"	42	0	119	119	130
1088	12	53	"progeny"	42	0			156
1089	12	53	"progeny"	42	0	63	63	70
1090	14	49	"progeny"	42	0			160
1091	14	49	"progeny"	42	0			160
1092	14	49	"progeny"	42	0			132
1093	14	49	"progeny"	42	0	123	123	145
1094	14	49	"progeny"	42	0			160
1095	5	33	"progeny"	42	0			160
1096	5	33	"progeny"	42	0	131	131	132
1097	5	33	"progeny"	42	0	147	147	157
1098	5	33	"progeny"	42	0	90	90	106
1099	5	33	"progeny"	42	0	150	150	157
1100	21	42	"progeny"	42	0	125	125	152
1101	21	42	"progeny"	42	0	87	87	110
1102	21	42	"progeny"	42	0	46	46	60
1103	21	42	"progeny"	42	0			160
1104	21	42	"progeny"	42	0	119	119	121
1105	17	54	"progeny"	43	1	0		23
1106	17	54	"progeny"	43	1	0		160
1107	17	54	"progeny"	43	1	0		32
1108	17	54	"progeny"	43	1	0		160
1109	17	54	"progeny"	43	1	0	44	52
1110	20	48	"progeny"	43	0			160
1111	20	48	"progeny"	43	0			153
1112	20	48	"progeny"	43	0	117	117	118
1113	20	48	"progeny"	43	0			160
1114	20	48	"progeny"	43	0			160
1115	25	53	"progeny"	43	0	104	104	132
1116	25	53	"progeny"	43	0	120	120	121
1117	25	53	"progeny"	43	0	116	116	126
1118	25	53	"progeny"	43	0	120	120	121
1119	25	53	"progeny"	43	0	101	101	115
1120	14	52	"progeny"	43	0	111	111	129
1121	14	52	"progeny"	43	0	135	135	137
1122	14	52	"progeny"	43	0			160
1123	14	52	"progeny"	43	0	128	128	129
1124	14	52	"progeny"	43	0	113	113	118
1125	28	38	"progeny"	43	0	123	123	127
1126	28	38	"progeny"	43	0	113	113	121
1127	28	38	"progeny"	43	0			160
1128	28	38	"progeny"	43	0	112	112	114
1129	28	38	"progeny"	43	0	125	125	136
1130	17	54	"progeny"	44	1	0		160
1131	17	54	"progeny"	44	1	0		22
1132	17	54	"progeny"	44	1	0	16	23
1133	17	54	"progeny"	44	1	0	18	27
1134	17	54	"progeny"	44	1	0		160
1135	27	38	"progeny"	44	0			160
1136	27	38	"progeny"	44	0	91	91	114
1137	27	38	"progeny"	44	0	96	96	116
1138	27	38	"progeny"	44	0			160
1139	27	38	"progeny"	44	0	117	117	117
1140	24	45	"progeny"	44	0	109	109	120
1141	24	45	"progeny"	44	0			160
1142	24	45	"progeny"	44	0	115	115	120
1143	24	45	"progeny"	44	0	113	113	114
1144	24	45	"progeny"	44	0	111	111	119
1145	20	38	"progeny"	44	0			160
1146	29	47	"progeny"	44	0			160
1147	29	47	"progeny"	44	0			160
1148	29	47	"progeny"	44	0	111	111	114
1149	29	47	"progeny"	44	0	121	121	122
1150	14	49	"progeny"	44	0			160
1151	14	49	"progeny"	44	0	87	87	115
1152	14	49	"progeny"	44	0	108	108	115
1153	14	49	"progeny"	44	0			160
1154	14	49	"progeny"	44	0			160
1155	17	54	"progeny"	45	1	0		160
1156	17	54	"progeny"	45	1	0	50	66
1157	17	54	"progeny"	45	1	0	8	26
1158	17	54	"progeny"	45	1	0		160
1159	17	54	"progeny"	45	1	0		160
1160	24	45	"progeny"	45	0			160
1161	24	45	"progeny"	45	0	110	110	120
1162	24	45	"progeny"	45	0	117	117	117
1163	24	45	"progeny"	45	0	111	111	134
1164	24	45	"progeny"	45	0	86	86	114
1165	12	38	"progeny"	45	0	113	113	126
1166	12	38	"progeny"	45	0	91	91	121
1167	12	38	"progeny"	45	0	135	135	143
1168	12	38	"progeny"	45	0	117	117	124
1169	12	38	"progeny"	45	0	116	116	118
1170	22	42	"progeny"	45	0	138	138	145
1171	22	42	"progeny"	45	0	101	101	114
1172	22	42	"progeny"	45	0			160
1173	22	42	"progeny"	45	0			160
1174	22	42	"progeny"	45	0			160
1175	16	41	"progeny"	45	0			160
1176	16	41	"progeny"	45	0	103	103	116
1177	16	41	"progeny"	45	0			160
1178	16	41	"progeny"	45	0			160
1179	16	41	"progeny"	45	0			160
1180	10	44	"progeny"	46	1	0	67	69
1181	10	44	"progeny"	46	1	0		160
1182	10	44	"progeny"	46	1	0	52	160
1183	10	44	"progeny"	46	1	0		160
1184	10	44	"progeny"	46	1	0	52	66
1185	6	32	"progeny"	46	0			160
1186	6	32	"progeny"	46	0	47	47	74
1187	6	32	"progeny"	46	0	52	52	54
1188	6	32	"progeny"	46	0	64	64	66
1189	6	32	"progeny"	46	0	51	51	58
1190	12	53	"progeny"	46	0	52	52	72
1191	12	53	"progeny"	46	0	52	52	61
1192	12	53	"progeny"	46	0	45	45	58
1193	12	53	"progeny"	46	0	57	57	61
1194	12	53	"progeny"	46	0	22	22	30
1195	20	48	"progeny"	46	0			160
1196	20	48	"progeny"	46	0	67	67	70
1197	20	48	"progeny"	46	0			160
1198	20	48	"progeny"	46	0	52	52	61
1199	20	48	"progeny"	46	0			86
1200	27	38	"progeny"	46	0			43
1201	27	38	"progeny"	46	0			160
1202	27	38	"progeny"	46	0	45	45	59
1203	27	38	"progeny"	46	0	46	46	50
1204	27	38	"progeny"	46	0	52	52	160
1205	10	44	"progeny"	47	1	0	72	91
1206	10	44	"progeny"	47	1	0	118	119
1207	10	44	"progeny"	47	1	0	99	118
1208	10	44	"progeny"	47	1	0	93	94
1209	10	44	"progeny"	47	1	0	103	118
1210	11	44	"progeny"	47	0	117	117	118
1211	11	44	"progeny"	47	0	113	113	118
1212	11	44	"progeny"	47	0	117	117	117
1213	11	44	"progeny"	47	0	110	110	116
1214	11	44	"progeny"	47	0	106	106	119
1215	16	45	"progeny"	47	0	118	118	119
1216	16	45	"progeny"	47	0	103	103	116
1217	16	45	"progeny"	47	0	117	117	125
1218	16	45	"progeny"	47	0	117	117	117
1219	16	45	"progeny"	47	0			116
1220	24	52	"progeny"	47	0	113	113	119
1221	24	52	"progeny"	47	0			117
1222	24	52	"progeny"	47	0	110	110	115
1223	24	52	"progeny"	47	0	117	117	117
1224	24	52	"progeny"	47	0			160
1225	28	38	"progeny"	47	0			160
1226	28	38	"progeny"	47	0			122
1227	28	38	"progeny"	47	0			118
1228	28	38	"progeny"	47	0			160
1229	28	38	"progeny"	47	0			117
1230	10	44	"progeny"	48	1	0	132	140
1231	10	44	"progeny"	48	1	0	114	116
1232	10	44	"progeny"	48	1	0	38	46
1233	10	44	"progeny"	48	1	0	76	82
1234	10	44	"progeny"	48	1	0		124
1235	25	53	"progeny"	48	0			160
1236	25	53	"progeny"	48	0	117	117	124
1237	25	53	"progeny"	48	0	115	115	116
1238	25	53	"progeny"	48	0	109	109	116
1239	25	53	"progeny"	48	0	107	107	114
1240	11	44	"progeny"	48	0			118
1241	11	44	"progeny"	48	0	118	118	123
1242	11	44	"progeny"	48	0	113	113	119
1243	11	44	"progeny"	48	0	56	56	61
1244	11	44	"progeny"	48	0			54
1245	22	42	"progeny"	48	0	123	123	128
1246	22	42	"progeny"	48	0	115	115	120
1247	22	42	"progeny"	48	0	105	105	111
1248	22	42	"progeny"	48	0	107	107	115
1249	22	42	"progeny"	48	0	104	104	117
1250	29	47	"progeny"	48	0			132
1251	29	47	"progeny"	48	0	114	114	126
1252	29	47	"progeny"	48	0	106	106	117
1253	29	47	"progeny"	48	0	110	110	117
1254	29	47	"progeny"	48	0	136	136	145
1255	10	44	"progeny"	49	1	0		108
1256	10	44	"progeny"	49	1	0	109	121
1257	10	44	"progeny"	49	1	0	148	160
1258	10	44	"progeny"	49	1	0	124	129
1259	10	44	"progeny"	49	1	0	34	47
1260	14	52	"progeny"	49	0			160
1261	14	52	"progeny"	49	0	126	126	133
1262	14	52	"progeny"	49	0	108	108	118
1263	14	52	"progeny"	49	0	93	93	104
1264	14	52	"progeny"	49	0	4	4	160
1265	21	42	"progeny"	49	0	105	105	120
1266	21	42	"progeny"	49	0			160
1267	21	42	"progeny"	49	0	115	115	118
1268	21	42	"progeny"	49	0	104	104	116
1269	21	42	"progeny"	49	0	119	119	120
1270	12	38	"progeny"	49	0			160
1271	12	38	"progeny"	49	0			160
1272	12	38	"progeny"	49	0	116	116	123
1273	12	38	"progeny"	49	0			160
1274	12	38	"progeny"	49	0	113	113	122
1275	16	45	"progeny"	49	0			141
1276	16	45	"progeny"	49	0			117
1277	16	45	"progeny"	49	0			111
1278	16	45	"progeny"	49	0			160
1279	16	45	"progeny"	49	0			121
1280	10	44	"progeny"	50	1	0	54	66
1281	10	44	"progeny"	50	1	0		160
1282	10	44	"progeny"	50	1	0	152	160
1283	10	44	"progeny"	50	1	0	115	118
1284	10	44	"progeny"	50	1	0	113	120
1285	6	32	"progeny"	50	0	102	102	125
1286	6	32	"progeny"	50	0	97	97	126
1287	6	32	"progeny"	50	0	107	107	121
1288	6	32	"progeny"	50	0			160
1289	6	32	"progeny"	50	0	111	111	119
1290	24	52	"progeny"	50	0			160
1291	24	52	"progeny"	50	0			160
1292	24	52	"progeny"	50	0	125	125	131
1293	24	52	"progeny"	50	0	139	139	142
1294	24	52	"progeny"	50	0	105	105	120
1295	5	33	"progeny"	50	0	80	80	95
1296	5	33	"progeny"	50	0	123	123	129
1297	5	33	"progeny"	50	0	111	111	118
1298	5	33	"progeny"	50	0	121	121	129
1299	5	33	"progeny"	50	0			94
1300	16	41	"progeny"	50	0	114	114	119
1301	16	41	"progeny"	50	0	112	112	118
1302	16	41	"progeny"	50	0	116	116	125
1303	16	41	"progeny"	50	0	109	109	115
1304	16	41	"progeny"	50	0	145	145	147
1305	10	44	"progeny"	51	1	0	126	134
1306	10	44	"progeny"	51	1	0	27	36
1307	10	44	"progeny"	51	1	0		160
1308	10	44	"progeny"	51	1	0	56	65
1309	10	44	"progeny"	51	1	0		160
1310	12	53	"progeny"	51	0	96	96	118
1311	12	53	"progeny"	51	0	114	114	119
1312	12	53	"progeny"	51	0	148	148	154
1313	12	53	"progeny"	51	0	121	121	122
1314	12	53	"progeny"	51	0			160
1315	14	49	"progeny"	51	0	106	106	116
1316	14	49	"progeny"	51	0	111	111	118
1317	14	49	"progeny"	51	0	156	156	159
1318	14	49	"progeny"	51	0	110	110	119
1319	14	49	"progeny"	51	0	106	106	115
1320	5	33	"progeny"	51	0	119	119	122
1321	5	33	"progeny"	51	0	111	111	117
1322	5	33	"progeny"	51	0	143	143	160
1323	5	33	"progeny"	51	0	141	141	148
1324	5	33	"progeny"	51	0			160
1325	21	42	"progeny"	51	0	3	3	14
1326	21	42	"progeny"	51	0	99	99	119
1327	21	42	"progeny"	51	0			160
1328	21	42	"progeny"	51	0	114	114	117
1329	21	42	"progeny"	51	0			160
1330	10	44	"progeny"	52	1	0		160
1331	10	44	"progeny"	52	1	0	46	52
1332	10	44	"progeny"	52	1	0		121
1333	10	44	"progeny"	52	1	0		160
1334	10	44	"progeny"	52	1	0	38	42
1335	7	35	"progeny"	52	0	119	119	142
1336	20	48	"progeny"	52	0			160
1337	7	35	"progeny"	52	0	123	123	125
1338	20	48	"progeny"	52	0	113	113	119
1339	20	48	"progeny"	52	0	117	117	118
1340	25	53	"progeny"	52	0	113	113	117
1341	25	53	"progeny"	52	0	103	103	114
1342	25	53	"progeny"	52	0	153	153	160
1343	25	53	"progeny"	52	0	113	113	120
1344	25	53	"progeny"	52	0			115
1345	14	52	"progeny"	52	0			160
1346	14	52	"progeny"	52	0			160
1347	14	52	"progeny"	52	0			160
1348	14	52	"progeny"	52	0	107	107	119
1349	14	52	"progeny"	52	0	105	105	114
1350	28	38	"progeny"	52	0	87	87	116
1351	28	38	"progeny"	52	0	109	109	119
1352	28	38	"progeny"	52	0			160
1353	28	38	"progeny"	52	0	99	99	107
1354	28	38	"progeny"	52	0			160
1355	10	44	"progeny"	53	1	0	50	60
1356	10	44	"progeny"	53	1	0		160
1357	10	44	"progeny"	53	1	0	35	55
1358	10	44	"progeny"	53	1	0	43	59
1359	10	44	"progeny"	53	1	0	28	48
1360	27	38	"progeny"	53	0	106	106	116
1361	27	38	"progeny"	53	0	114	114	118
1362	27	38	"progeny"	53	0	128	128	134
1363	27	38	"progeny"	53	0	100	100	120
1364	27	38	"progeny"	53	0	106	106	116
1365	24	45	"progeny"	53	0	122	122	125
1366	24	45	"progeny"	53	0	108	108	123
1367	24	45	"progeny"	53	0	110	110	116
1368	24	45	"progeny"	53	0			160
1369	24	45	"progeny"	53	0	113	113	114
1370	29	47	"progeny"	53	0			123
1371	29	47	"progeny"	53	0			160
1372	29	47	"progeny"	53	0			160
1373	29	47	"progeny"	53	0			160
1374	29	47	"progeny"	53	0			119
1375	14	49	"progeny"	53	0			160
1376	14	49	"progeny"	53	0			131
1377	14	49	"progeny"	53	0			29
1378	14	49	"progeny"	53	0			127
1379	14	49	"progeny"	53	0			160
1380	10	44	"progeny"	54	1	0		160
1381	10	44	"progeny"	54	1	0	110	115
1382	10	44	"progeny"	54	1	0	98	108
1383	10	44	"progeny"	54	1	0		160
1384	10	44	"progeny"	54	1	0	45	48
1385	24	45	"progeny"	54	0			160
1386	24	45	"progeny"	54	0			160
1387	24	45	"progeny"	54	0	108	108	117
1388	24	45	"progeny"	54	0			160
1389	24	45	"progeny"	54	0	113	113	119
1390	12	38	"progeny"	54	0			160
1391	12	38	"progeny"	54	0	111	111	123
1392	12	38	"progeny"	54	0			160
1393	12	38	"progeny"	54	0			160
1394	12	38	"progeny"	54	0	102	102	113
1395	22	42	"progeny"	54	0			160
1396	22	42	"progeny"	54	0	138	138	145
1397	22	42	"progeny"	54	0			160
1398	22	42	"progeny"	54	0			160
1399	22	42	"progeny"	54	0			160
1400	16	41	"progeny"	54	0			160
1401	16	41	"progeny"	54	0	101	101	104
1402	16	41	"progeny"	54	0	100	100	106
1403	16	41	"progeny"	54	0			160
1404	16	41	"progeny"	54	0			160
1405	25	38	"progeny"	55	1	0		42
1406	25	38	"progeny"	55	1	0	17	23
1407	25	38	"progeny"	55	1	0	3	17
1408	25	38	"progeny"	55	1	0	3	21
1409	25	38	"progeny"	55	1	0	16	21
1410	6	32	"progeny"	55	0			160
1411	6	32	"progeny"	55	0	84	84	87
1412	6	32	"progeny"	55	0			160
1413	6	32	"progeny"	55	0	49	49	52
1414	6	32	"progeny"	55	0	68	68	71
1415	12	53	"progeny"	55	0			160
1416	12	53	"progeny"	55	0			
1417	12	53	"progeny"	55	0			160
1418	12	53	"progeny"	55	0			160
1419	12	53	"progeny"	55	0			89
1420	20	48	"progeny"	55	0			160
1421	20	48	"progeny"	55	0			160
1422	20	48	"progeny"	55	0			110
1423	20	48	"progeny"	55	0	82	82	93
1424	20	48	"progeny"	55	0			79
1425	27	38	"progeny"	55	0			160
1426	27	38	"progeny"	55	0			160
1427	27	38	"progeny"	55	0			73
1428	27	38	"progeny"	55	0			160
1429	27	38	"progeny"	55	0			160
1430	25	38	"progeny"	56	1	0		34
1431	25	38	"progeny"	56	1	0		120
1432	25	38	"progeny"	56	1	0		160
1433	25	38	"progeny"	56	1	0	22	35
1434	25	38	"progeny"	56	1	0	22	29
1435	11	44	"progeny"	56	0	125	125	130
1436	11	44	"progeny"	56	0	110	110	117
1437	11	44	"progeny"	56	0			160
1438	11	44	"progeny"	56	0	111	111	117
1439	11	44	"progeny"	56	0	113	113	119
1440	16	45	"progeny"	56	0	103	103	118
1441	16	45	"progeny"	56	0			160
1442	16	45	"progeny"	56	0	140	140	147
1443	16	45	"progeny"	56	0	112	112	118
1444	16	45	"progeny"	56	0			160
1445	24	52	"progeny"	56	0			160
1446	24	52	"progeny"	56	0			119
1447	24	52	"progeny"	56	0	65	65	71
1448	24	52	"progeny"	56	0	87	87	89
1449	24	52	"progeny"	56	0			160
1450	28	38	"progeny"	56	0			125
1451	28	38	"progeny"	56	0	123	123	125
1452	28	38	"progeny"	56	0			160
1453	28	38	"progeny"	56	0			160
1454	28	38	"progeny"	56	0	91	91	117
1455	25	38	"progeny"	57	1	0	4	26
1456	25	38	"progeny"	57	1	0		160
1457	25	38	"progeny"	57	1	0		21
1458	25	38	"progeny"	57	1	0		160
1459	25	38	"progeny"	57	1	0	3	14
1460	25	53	"progeny"	57	0			127
1461	25	53	"progeny"	57	0	106	106	118
1462	25	53	"progeny"	57	0	111	111	114
1463	25	53	"progeny"	57	0	90	90	108
1464	25	53	"progeny"	57	0	40	40	48
1465	11	44	"progeny"	57	0			160
1466	11	44	"progeny"	57	0			160
1467	11	44	"progeny"	57	0			160
1468	11	44	"progeny"	57	0			160
1469	11	44	"progeny"	57	0			160
1470	22	42	"progeny"	57	0			160
1471	22	42	"progeny"	57	0			131
1472	22	42	"progeny"	57	0			160
1473	22	42	"progeny"	57	0			160
1474	22	42	"progeny"	57	0			160
1475	29	47	"progeny"	57	0			160
1476	29	47	"progeny"	57	0			160
1477	29	47	"progeny"	57	0			160
1478	29	47	"progeny"	57	0			160
1479	29	47	"progeny"	57	0			160
1480	25	38	"progeny"	58	1	0		119
1481	25	38	"progeny"	58	1	0		160
1482	25	38	"progeny"	58	1	0		115
1483	25	38	"progeny"	58	1	0	3	18
1484	25	38	"progeny"	58	1	0	62	68
1485	14	52	"progeny"	58	0			106
1486	14	52	"progeny"	58	0			160
1487	14	52	"progeny"	58	0	116	116	119
1488	14	52	"progeny"	58	0			160
1489	14	52	"progeny"	58	0			119
1490	21	42	"progeny"	58	0	87	87	114
1491	21	42	"progeny"	58	0	117	117	118
1492	21	42	"progeny"	58	0	115	115	116
1493	21	42	"progeny"	58	0	105	105	113
1494	21	42	"progeny"	58	0	90	90	100
1495	12	38	"progeny"	58	0	111	111	121
1496	12	38	"progeny"	58	0	115	115	121
1497	12	38	"progeny"	58	0	103	103	117
1498	12	38	"progeny"	58	0	117	117	122
1499	12	38	"progeny"	58	0			114
1500	16	45	"progeny"	58	0	107	107	117
1501	16	45	"progeny"	58	0			119
1502	16	45	"progeny"	58	0			160
1503	16	45	"progeny"	58	0	108	108	121
1504	16	45	"progeny"	58	0			160
1505	25	38	"progeny"	59	1	0		43
1506	25	38	"progeny"	59	1	0		160
1507	25	38	"progeny"	59	1	0		160
1508	25	38	"progeny"	59	1	0	67	76
1509	25	38	"progeny"	59	1	0	42	45
1510	6	32	"progeny"	59	0			117
1511	6	32	"progeny"	59	0			160
1512	6	32	"progeny"	59	0			116
1513	6	32	"progeny"	59	0	154	154	160
1514	6	32	"progeny"	59	0			117
1515	24	52	"progeny"	59	0			117
1516	24	52	"progeny"	59	0			121
1517	24	52	"progeny"	59	0	117	117	119
1518	24	52	"progeny"	59	0	115	115	117
1519	24	52	"progeny"	59	0			116
1520	5	33	"progeny"	59	0			119
1521	5	33	"progeny"	59	0	113	113	123
1522	5	33	"progeny"	59	0	118	118	121
1523	5	33	"progeny"	59	0			107
1524	5	33	"progeny"	59	0			160
1525	16	41	"progeny"	59	0			118
1526	16	41	"progeny"	59	0	101	101	117
1527	16	41	"progeny"	59	0	117	117	118
1528	16	41	"progeny"	59	0	107	107	119
1529	16	41	"progeny"	59	0	118	118	121
1530	25	38	"progeny"	60	1	0	3	20
1531	25	38	"progeny"	60	1	0		160
1532	25	38	"progeny"	60	1	0		160
1533	25	38	"progeny"	60	1	0		122
1534	25	38	"progeny"	60	1	0	17	22
1535	12	53	"progeny"	60	0			147
1536	12	53	"progeny"	60	0			160
1537	12	53	"progeny"	60	0			160
1538	12	53	"progeny"	60	0	127	127	130
1539	12	53	"progeny"	60	0			160
1540	14	49	"progeny"	60	0			133
1541	14	49	"progeny"	60	0	105	105	117
1542	14	49	"progeny"	60	0			160
1543	14	49	"progeny"	60	0	94	94	114
1544	14	49	"progeny"	60	0			160
1545	5	33	"progeny"	60	0			160
1546	5	33	"progeny"	60	0			160
1547	5	33	"progeny"	60	0			117
1548	5	33	"progeny"	60	0			160
1549	5	33	"progeny"	60	0	108	108	116
1550	21	42	"progeny"	60	0			160
1551	21	42	"progeny"	60	0			160
1552	21	42	"progeny"	60	0			160
1553	21	42	"progeny"	60	0			160
1554	21	42	"progeny"	60	0			133
1555	25	38	"progeny"	61	1	0		160
1556	25	38	"progeny"	61	1	0	16	18
1557	25	38	"progeny"	61	1	0	29	42
1558	25	38	"progeny"	61	1	0	3	21
1559	25	38	"progeny"	61	1	0		76
1560	20	48	"progeny"	61	0			48
1561	20	48	"progeny"	61	0			160
1562	20	48	"progeny"	61	0			160
1563	20	48	"progeny"	61	0			160
1564	20	48	"progeny"	61	0			54
1565	25	53	"progeny"	61	0			64
1566	25	53	"progeny"	61	0	39	39	45
1567	25	53	"progeny"	61	0	64	64	66
1568	25	53	"progeny"	61	0			160
1569	25	53	"progeny"	61	0			46
1570	14	52	"progeny"	61	0			160
1571	14	52	"progeny"	61	0	59	59	65
1572	14	52	"progeny"	61	0	51	51	68
1573	14	52	"progeny"	61	0	44	44	59
1574	14	52	"progeny"	61	0			160
1575	28	38	"progeny"	61	0	52	52	54
1576	28	38	"progeny"	61	0	3	3	22
1577	28	38	"progeny"	61	0	137	137	160
1578	28	38	"progeny"	61	0			20
1579	28	38	"progeny"	61	0			42
1580	25	38	"progeny"	62	1	0		160
1581	25	38	"progeny"	62	1	0		42
1582	25	38	"progeny"	62	1	0	14	20
1583	25	38	"progeny"	62	1	0	6	18
1584	25	38	"progeny"	62	1	0		160
1585	27	38	"progeny"	62	0	106	106	115
1586	27	38	"progeny"	62	0			160
1587	27	38	"progeny"	62	0			160
1588	27	38	"progeny"	62	0	107	107	115
1589	27	38	"progeny"	62	0			118
1590	24	45	"progeny"	62	0			160
1591	24	45	"progeny"	62	0			160
1592	24	45	"progeny"	62	0	111	111	116
1593	24	45	"progeny"	62	0			160
1594	24	45	"progeny"	62	0			160
1595	29	47	"progeny"	62	0			120
1596	29	47	"progeny"	62	0			160
1597	29	47	"progeny"	62	0			160
1598	29	47	"progeny"	62	0			160
1599	29	47	"progeny"	62	0			160
1600	14	49	"progeny"	62	0			160
1601	14	49	"progeny"	62	0			49
1602	14	49	"progeny"	62	0			160
1603	14	49	"progeny"	62	0			160
1604	14	49	"progeny"	62	0			160
1605	25	38	"progeny"	63	1	0	154	160
1606	25	38	"progeny"	63	1	0	41	46
1607	25	38	"progeny"	63	1	0	145	160
1608	25	38	"progeny"	63	1	0	116	127
1609	25	38	"progeny"	63	1	0	48	51
1610	24	45	"progeny"	63	0			160
1611	24	45	"progeny"	63	0	115	115	121
1612	24	45	"progeny"	63	0			160
1613	24	45	"progeny"	63	0			160
1614	24	45	"progeny"	63	0			160
1615	12	38	"progeny"	63	0			160
1616	12	38	"progeny"	63	0			160
1617	12	38	"progeny"	63	0			160
1618	12	38	"progeny"	63	0	141	141	151
1619	12	38	"progeny"	63	0			156
1620	22	42	"progeny"	63	0			160
1621	22	42	"progeny"	63	0			160
1622	22	42	"progeny"	63	0			160
1623	22	42	"progeny"	63	0			160
1624	22	42	"progeny"	63	0			160
1625	16	41	"progeny"	63	0			147
1626	16	41	"progeny"	63	0			160
1627	16	41	"progeny"	63	0			160
1628	16	41	"progeny"	63	0			160
1629	16	41	"progeny"	63	0			116
1630	15	47	"progeny"	64	1	0	102	108
1631	15	47	"progeny"	64	1	0	105	111
1632	15	47	"progeny"	64	1	0	154	160
1633	15	47	"progeny"	64	1	0	97	110
1634	15	47	"progeny"	64	1	0	114	116
1635	6	32	"progeny"	64	0			160
1636	6	32	"progeny"	64	0	25	25	42
1637	6	32	"progeny"	64	0	62	62	70
1638	6	32	"progeny"	64	0			160
1639	6	32	"progeny"	64	0	112	112	116
1640	12	53	"progeny"	64	0			160
1641	12	53	"progeny"	64	0	44	44	73
1642	12	53	"progeny"	64	0	76	76	77
1643	12	53	"progeny"	64	0			160
1644	12	53	"progeny"	64	0			65
1645	20	48	"progeny"	64	0			107
1646	20	48	"progeny"	64	0	55	55	63
1647	20	48	"progeny"	64	0	50	50	65
1648	20	48	"progeny"	64	0			160
1649	20	48	"progeny"	64	0	94	94	109
1650	27	38	"progeny"	64	0			160
1651	27	38	"progeny"	64	0			160
1652	27	38	"progeny"	64	0			160
1653	27	38	"progeny"	64	0			160
1654	27	38	"progeny"	64	0			56
1655	15	47	"progeny"	65	1	0	49	56
1656	15	47	"progeny"	65	1	0		160
1657	15	47	"progeny"	65	1	0		160
1658	15	47	"progeny"	65	1	0	107	117
1659	15	47	"progeny"	65	1	0		160
1660	11	44	"progeny"	65	0			160
1661	11	44	"progeny"	65	0			160
1662	11	44	"progeny"	65	0			160
1663	11	44	"progeny"	65	0			160
1664	11	44	"progeny"	65	0			160
1665	16	45	"progeny"	65	0			160
1666	16	45	"progeny"	65	0			116
1667	16	45	"progeny"	65	0	117	117	121
1668	16	45	"progeny"	65	0			160
1669	16	45	"progeny"	65	0			117
1670	24	52	"progeny"	65	0	129	129	132
1671	24	52	"progeny"	65	0			160
1672	24	52	"progeny"	65	0			160
1673	24	52	"progeny"	65	0			160
1674	24	52	"progeny"	65	0			160
1675	28	38	"progeny"	65	0			160
1676	28	38	"progeny"	65	0			160
1677	28	38	"progeny"	65	0			160
1678	28	38	"progeny"	65	0			114
1679	28	38	"progeny"	65	0			116
1680	15	47	"progeny"	66	1	0		28
1681	15	47	"progeny"	66	1	0	114	116
1682	15	47	"progeny"	66	1	0		160
1683	15	47	"progeny"	66	1	0	108	119
1684	15	47	"progeny"	66	1	0		124
1685	25	53	"progeny"	66	0			160
1686	25	53	"progeny"	66	0			160
1687	25	53	"progeny"	66	0	113	113	115
1688	25	53	"progeny"	66	0	113	113	119
1689	25	53	"progeny"	66	0	113	113	119
1690	11	44	"progeny"	66	0			160
1691	11	44	"progeny"	66	0			119
1692	11	44	"progeny"	66	0	151	151	158
1693	11	44	"progeny"	66	0	115	115	116
1694	11	44	"progeny"	66	0	115	115	128
1695	22	42	"progeny"	66	0			117
1696	22	42	"progeny"	66	0	97	97	120
1697	22	42	"progeny"	66	0			160
1698	22	42	"progeny"	66	0			160
1699	22	42	"progeny"	66	0	130	130	136
1700	29	47	"progeny"	66	0	132	132	140
1701	29	47	"progeny"	66	0			160
1702	29	47	"progeny"	66	0	113	113	114
1703	29	47	"progeny"	66	0			160
1704	29	47	"progeny"	66	0			121
1705	15	47	"progeny"	67	1	0		160
1706	15	47	"progeny"	67	1	0	34	59
1707	15	47	"progeny"	67	1	0	115	119
1708	15	47	"progeny"	67	1	0	71	81
1709	15	47	"progeny"	67	1	0	115	118
1710	14	52	"progeny"	67	0			116
1711	14	52	"progeny"	67	0	118	118	120
1712	14	52	"progeny"	67	0	116	116	122
1713	14	52	"progeny"	67	0			120
1714	14	52	"progeny"	67	0			160
1715	21	42	"progeny"	67	0			119
1716	21	42	"progeny"	67	0	110	110	116
1717	21	42	"progeny"	67	0	109	109	118
1718	21	42	"progeny"	67	0			115
1719	21	42	"progeny"	67	0	108	108	117
1720	12	38	"progeny"	67	0			117
1721	12	38	"progeny"	67	0	112	112	120
1722	12	38	"progeny"	67	0	110	110	117
1723	12	38	"progeny"	67	0	106	106	118
1724	12	38	"progeny"	67	0	111	111	118
1725	16	45	"progeny"	67	0	117	117	130
1726	16	45	"progeny"	67	0	129	129	136
1727	16	45	"progeny"	67	0	117	117	121
1728	16	45	"progeny"	67	0	113	113	115
1729	16	45	"progeny"	67	0			160
1730	15	47	"progeny"	68	1	0		27
1731	15	47	"progeny"	68	1	0	114	121
1732	15	47	"progeny"	68	1	0	59	63
1733	15	47	"progeny"	68	1	0	45	58
1734	15	47	"progeny"	68	1	0		160
1735	6	32	"progeny"	68	0			115
1736	6	32	"progeny"	68	0	114	114	116
1737	6	32	"progeny"	68	0	107	107	114
1738	6	32	"progeny"	68	0			160
1739	6	32	"progeny"	68	0			137
1740	24	52	"progeny"	68	0			160
1741	24	52	"progeny"	68	0	112	112	120
1742	24	52	"progeny"	68	0	112	112	118
1743	24	52	"progeny"	68	0	104	104	113
1744	24	52	"progeny"	68	0			160
1745	5	33	"progeny"	68	0			123
1746	5	33	"progeny"	68	0	125	125	133
1747	5	33	"progeny"	68	0	109	109	118
1748	5	33	"progeny"	68	0			160
1749	5	33	"progeny"	68	0			147
1750	16	41	"progeny"	68	0			160
1751	16	41	"progeny"	68	0			160
1752	16	41	"progeny"	68	0	101	101	118
1753	16	41	"progeny"	68	0	104	104	119
1754	16	41	"progeny"	68	0	119	119	125
1755	15	47	"progeny"	69	1	0	14	20
1756	15	47	"progeny"	69	1	0	83	91
1757	15	47	"progeny"	69	1	0	42	55
1758	15	47	"progeny"	69	1	0	74	80
1759	15	47	"progeny"	69	1	0	88	106
1760	12	53	"progeny"	69	0			106
1761	12	53	"progeny"	69	0			12
1762	12	53	"progeny"	69	0			110
1763	12	53	"progeny"	69	0			105
1764	12	53	"progeny"	69	0	20	20	73
1765	14	49	"progeny"	69	0			106
1766	14	49	"progeny"	69	0	101	101	113
1767	14	49	"progeny"	69	0	99	99	106
1768	14	49	"progeny"	69	0	92	92	101
1769	14	49	"progeny"	69	0	84	84	89
1770	5	33	"progeny"	69	0	83	83	108
1771	5	33	"progeny"	69	0	90	90	106
1772	5	33	"progeny"	69	0	98	98	102
1773	5	33	"progeny"	69	0	100	100	106
1774	5	33	"progeny"	69	0	105	105	112
1775	21	42	"progeny"	69	0	117	117	121
1776	21	42	"progeny"	69	0	92	92	94
1777	21	42	"progeny"	69	0	91	91	106
1778	21	42	"progeny"	69	0	97	97	110
1779	21	42	"progeny"	69	0	67	67	97
1780	15	47	"progeny"	70	1	0	120	127
1781	15	47	"progeny"	70	1	0	20	26
1782	15	47	"progeny"	70	1	0	42	54
1783	15	47	"progeny"	70	1	0	101	110
1784	15	47	"progeny"	70	1	0	6	12
1785	20	48	"progeny"	70	0			160
1786	20	48	"progeny"	70	0	120	120	135
1787	20	48	"progeny"	70	0	116	116	120
1788	20	48	"progeny"	70	0			123
1789	20	48	"progeny"	70	0	14	14	112
1790	25	53	"progeny"	70	0			115
1791	25	53	"progeny"	70	0	104	104	110
1792	25	53	"progeny"	70	0	116	116	121
1793	25	53	"progeny"	70	0	120	120	123
1794	25	53	"progeny"	70	0	110	110	118
1795	14	52	"progeny"	70	0			160
1796	14	52	"progeny"	70	0			160
1797	14	52	"progeny"	70	0	127	127	130
1798	14	52	"progeny"	70	0			160
1799	14	52	"progeny"	70	0	122	122	128
1800	28	38	"progeny"	70	0			105
1801	28	38	"progeny"	70	0	121	121	124
1802	28	38	"progeny"	70	0	102	102	116
1803	28	38	"progeny"	70	0	82	82	110
1804	28	38	"progeny"	70	0			160
1805	15	47	"progeny"	71	1	0		160
1806	15	47	"progeny"	71	1	0	3	28
1807	15	47	"progeny"	71	1	0		160
1808	15	47	"progeny"	71	1	0		160
1809	15	47	"progeny"	71	1	0	18	26
1810	27	38	"progeny"	71	0			160
1811	27	38	"progeny"	71	0	110	110	116
1812	27	38	"progeny"	71	0	114	114	118
1813	27	38	"progeny"	71	0	110	110	118
1814	27	38	"progeny"	71	0			160
1815	24	45	"progeny"	71	0			116
1816	24	45	"progeny"	71	0			160
1817	24	45	"progeny"	71	0			160
1818	24	45	"progeny"	71	0			160
1819	24	45	"progeny"	71	0			160
1820	29	47	"progeny"	71	0			160
1821	29	47	"progeny"	71	0			160
1822	29	47	"progeny"	71	0			160
1823	29	47	"progeny"	71	0			160
1824	29	47	"progeny"	71	0			160
1825	14	49	"progeny"	71	0			160
1826	14	49	"progeny"	71	0			160
1827	14	49	"progeny"	71	0			160
1828	14	49	"progeny"	71	0			160
1829	14	49	"progeny"	71	0			124
1830	15	47	"progeny"	72	1	0		160
1831	15	47	"progeny"	72	1	0		160
1832	15	47	"progeny"	72	1	0		160
1833	15	47	"progeny"	72	1	0		160
1834	15	47	"progeny"	72	1	0		160
1835	24	45	"progeny"	72	0			160
1836	24	45	"progeny"	72	0			160
1837	24	45	"progeny"	72	0			129
1838	24	45	"progeny"	72	0			160
1839	24	45	"progeny"	72	0	100	100	115
1840	12	38	"progeny"	72	0			160
1841	12	38	"progeny"	72	0			123
1842	12	38	"progeny"	72	0			160
1843	12	38	"progeny"	72	0	111	111	125
1844	12	38	"progeny"	72	0			119
1845	22	42	"progeny"	72	0	150	150	158
1846	22	42	"progeny"	72	0	155	155	160
1847	22	42	"progeny"	72	0	148	148	160
1848	22	42	"progeny"	72	0	116	116	124
1849	22	42	"progeny"	72	0	157	157	160
1850	16	41	"progeny"	72	0			160
1851	16	41	"progeny"	72	0			160
1852	16	41	"progeny"	72	0	126	126	132
1853	16	41	"progeny"	72	0	106	106	115
1854	16	41	"progeny"	72	0			160
